Job title,Company name,Location,Department / team,Employment type,Posted date,Job URL,Job description,Required skills
"Product Communications Lead, Global",Reddit,Remote,General,Full-time,N/A,https://job-boards.greenhouse.io/reddit/jobs/7682201,...,"Python, SQL, Communication"
Community Manager - French speaker (contract),Reddit,Remote,General,Full-time,N/A,https://job-boards.greenhouse.io/reddit/jobs/7669372,...,"Python, SQL, Communication"
Community Solutions Architect,Reddit,Remote,General,Full-time,N/A,https://job-boards.greenhouse.io/reddit/jobs/7527647,...,"Python, SQL, Communication"
"On Campus Ambassador, India (Contractor)",Reddit,Remote,General,Full-time,N/A,https://job-boards.greenhouse.io/reddit/jobs/7090049,...,"Python, SQL, Communication"
"On Campus Ambassador, Philippines (Contractor)",Reddit,Remote,General,Full-time,N/A,https://job-boards.greenhouse.io/reddit/jobs/7090134,...,"Python, SQL, Communication"
Strategic Community Specialist (contract),Reddit,Remote,General,Full-time,N/A,https://job-boards.greenhouse.io/reddit/jobs/6967193,...,"Python, SQL, Communication"
"Staff Systems Engineer, AI Enablement and Productivity Engineering",Reddit,Remote,General,Full-time,N/A,https://job-boards.greenhouse.io/reddit/jobs/7336592,...,"Python, SQL, Communication"
"Data Scientist, Ads",Reddit,Remote,General,Full-time,N/A,https://job-boards.greenhouse.io/reddit/jobs/6580815,...,"Python, SQL, Communication"
"Data Scientist, Ads",Reddit,Remote,General,Full-time,N/A,https://job-boards.greenhouse.io/reddit/jobs/7607124,...,"Python, SQL, Communication"
"Principal Data Scientist, Ads",Reddit,Remote,General,Full-time,N/A,https://job-boards.greenhouse.io/reddit/jobs/7330347,...,"Python, SQL, Communication"
"Senior Data Scientist, Ads",Reddit,Remote,General,Full-time,N/A,https://job-boards.greenhouse.io/reddit/jobs/6042236,...,"Python, SQL, Communication"
"Senior Data Scientist, Ads",Reddit,Remote,General,Full-time,N/A,https://job-boards.greenhouse.io/reddit/jobs/7607121,...,"Python, SQL, Communication"
"Staff Data Scientist, Ads",Reddit,Remote,General,Full-time,N/A,https://job-boards.greenhouse.io/reddit/jobs/7721851,...,"Python, SQL, Communication"
"Staff Data Scientist, Ads",Reddit,Remote,General,Full-time,N/A,https://job-boards.greenhouse.io/reddit/jobs/7721787,...,"Python, SQL, Communication"
Data Science Manager,Reddit,Remote,General,Full-time,N/A,https://job-boards.greenhouse.io/reddit/jobs/6686373,...,"Python, SQL, Communication"
"Senior Data Scientist, Consumer",Reddit,Remote,General,Full-time,N/A,https://job-boards.greenhouse.io/reddit/jobs/7275414,...,"Python, SQL, Communication"
"Staff Data Scientist, Consumer",Reddit,Remote,General,Full-time,N/A,https://job-boards.greenhouse.io/reddit/jobs/6745284,...,"Python, SQL, Communication"
"Android Software Engineer, Ad Formats",Reddit,Remote,General,Full-time,N/A,https://job-boards.greenhouse.io/reddit/jobs/7414993,...,"Python, SQL, Communication"
"Android Software Engineer, Ad Formats",Reddit,Remote,General,Full-time,N/A,https://job-boards.greenhouse.io/reddit/jobs/7415003,...,"Python, SQL, Communication"
"Android Software Engineer, Ad Formats",Reddit,Remote,General,Full-time,N/A,https://job-boards.greenhouse.io/reddit/jobs/7415013,...,"Python, SQL, Communication"
"Android Software Engineer, Ad Formats",Reddit,Remote,General,Full-time,N/A,https://job-boards.greenhouse.io/reddit/jobs/7415052,...,"Python, SQL, Communication"
"iOS Software Engineer, Ad Formats",Reddit,Remote,General,Full-time,N/A,https://job-boards.greenhouse.io/reddit/jobs/7414842,...,"Python, SQL, Communication"
"iOS Software Engineer, Ad Formats",Reddit,Remote,General,Full-time,N/A,https://job-boards.greenhouse.io/reddit/jobs/7414849,...,"Python, SQL, Communication"
"iOS Software Engineer, Ad Formats",Reddit,Remote,General,Full-time,N/A,https://job-boards.greenhouse.io/reddit/jobs/7415041,...,"Python, SQL, Communication"
"Senior Android Engineer, Apps Platform (Performance)",Reddit,Remote,General,Full-time,N/A,https://job-boards.greenhouse.io/reddit/jobs/7370704,...,"Python, SQL, Communication"
"Senior Android Engineer, Apps Platform (Performance)",Reddit,Remote,General,Full-time,N/A,https://job-boards.greenhouse.io/reddit/jobs/7370708,...,"Python, SQL, Communication"
"Senior Android Engineer, Apps Platform (Performance)",Reddit,Remote,General,Full-time,N/A,https://job-boards.greenhouse.io/reddit/jobs/7370711,...,"Python, SQL, Communication"
Senior Machine Learning Engineer,Reddit,Remote,General,Full-time,N/A,https://job-boards.greenhouse.io/reddit/jobs/7697512,...,"Python, SQL, Communication"
"Senior Software Engineer, Ads",Reddit,Remote,General,Full-time,N/A,https://job-boards.greenhouse.io/reddit/jobs/6909091,...,"Python, SQL, Communication"
"Senior Staff Engineer, Ads",Reddit,Remote,General,Full-time,N/A,https://job-boards.greenhouse.io/reddit/jobs/7624311,...,"Python, SQL, Communication"
"Senior Staff Engineer, Cloud Economics",Reddit,Remote,General,Full-time,N/A,https://job-boards.greenhouse.io/reddit/jobs/7628291,...,"Python, SQL, Communication"
"Senior Staff Machine Learning Engineer, Ads Ranking",Reddit,Remote,General,Full-time,N/A,https://job-boards.greenhouse.io/reddit/jobs/7517045,...,"Python, SQL, Communication"
Software Engineer,Reddit,Remote,General,Full-time,N/A,https://job-boards.greenhouse.io/reddit/jobs/6909093,...,"Python, SQL, Communication"
"Software Engineer, Ads",Reddit,Remote,General,Full-time,N/A,https://job-boards.greenhouse.io/reddit/jobs/6469397,...,"Python, SQL, Communication"
"Software Engineer, Ads",Reddit,Remote,General,Full-time,N/A,https://job-boards.greenhouse.io/reddit/jobs/6512458,...,"Python, SQL, Communication"
"Staff Backend Software Engineer, Ads Business Manager",Reddit,Remote,General,Full-time,N/A,https://job-boards.greenhouse.io/reddit/jobs/7590453,...,"Python, SQL, Communication"
"Staff Engineer, Ads Lift Measurement",Reddit,Remote,General,Full-time,N/A,https://job-boards.greenhouse.io/reddit/jobs/7684893,...,"Python, SQL, Communication"
"Staff Machine Learning Engineer, Ads Auction (Ads Marketplace Quality)",Reddit,Remote,General,Full-time,N/A,https://job-boards.greenhouse.io/reddit/jobs/7181821,...,"Python, SQL, Communication"
Staff Software Engineer,Reddit,Remote,General,Full-time,N/A,https://job-boards.greenhouse.io/reddit/jobs/7167631,...,"Python, SQL, Communication"
"Staff Software Engineer, Ads API",Reddit,Remote,General,Full-time,N/A,https://job-boards.greenhouse.io/reddit/jobs/7167630,...,"Python, SQL, Communication"
"Staff Software Engineer, Ads API",Reddit,Remote,General,Full-time,N/A,https://job-boards.greenhouse.io/reddit/jobs/7167632,...,"Python, SQL, Communication"
"Staff Software Engineer, Ads Business Manager",Reddit,Remote,General,Full-time,N/A,https://job-boards.greenhouse.io/reddit/jobs/7590460,...,"Python, SQL, Communication"
"Staff Software Engineer, Ads Growth",Reddit,Remote,General,Full-time,N/A,https://job-boards.greenhouse.io/reddit/jobs/7656532,...,"Python, SQL, Communication"
"Staff Software Engineer, Ads Safety",Reddit,Remote,General,Full-time,N/A,https://job-boards.greenhouse.io/reddit/jobs/7655999,...,"Python, SQL, Communication"
"Staff Software Engineer, Identity",Reddit,Remote,General,Full-time,N/A,https://job-boards.greenhouse.io/reddit/jobs/7595446,...,"Python, SQL, Communication"
"Senior Research Engineer, Post-training & Evaluation",Reddit,Remote,General,Full-time,N/A,https://job-boards.greenhouse.io/reddit/jobs/7555007,...,"Python, SQL, Communication"
"Staff Research Engineer, Pre-training Data",Reddit,Remote,General,Full-time,N/A,https://job-boards.greenhouse.io/reddit/jobs/7554979,...,"Python, SQL, Communication"
"Staff Research Engineer, Pre-training Science",Reddit,Remote,General,Full-time,N/A,https://job-boards.greenhouse.io/reddit/jobs/7554999,...,"Python, SQL, Communication"
"Senior Software Engineer, Site Defense",Reddit,Remote,General,Full-time,N/A,https://job-boards.greenhouse.io/reddit/jobs/7542751,...,"Python, SQL, Communication"
"Senior Software Engineer, Site Defense",Reddit,Remote,General,Full-time,N/A,https://job-boards.greenhouse.io/reddit/jobs/7542779,...,"Python, SQL, Communication"
